Node,Betweenness Centrality
CA2608174A1,0.0
CN102515938A,0.0
CN103274852A,0.0
CN103304322A,0.0
CN108150734A,0.0
CN117268276A,0.0
CN117268276B,0.0
EP3609661B1,0.0
RU2505520C1,0.0
US11130256B2,0.0
US11457558B1,0.0
US11554514B2,0.0
US11849668B1,0.0
WO2018191181A1,0.0
CN101016218A,0.0
CN101851136A,0.0
CN102757289A,0.0
CN102757293A,0.0
CN102757293B,0.0
CN103040864A,0.0
CN103040864B,0.0
CN103936604A,0.0
CN104119237A,0.0
CN104119237B,0.0
CN104327068A,0.0
CN104327068B,0.0
CN105997616A,0.0
CN106747676A,0.0
CN106747676B,0.0
CN110800410A,0.0
CN111747776A,0.0
CN112374935A,0.0
CN115141061A,0.0
CN115141061B,0.0
WO2015161766A1,0.0
CN101016403A,0.0
CN102002147A,0.0
CN102698668A,0.0
CN102698668B,0.0
CN102839443A,0.0
CN102839443B,0.0
CN104888626A,0.0
CN104888626B,0.0
CN106633707A,0.0
CN106633707B,0.0
CN108047658A,0.0
CN108047658B,0.0
CN110982294A,0.0
CN110982294B,0.0
CN112760742A,0.0
CN113244459A,0.0
US9139430B2,0.0
WO2010130206A1,0.0
CN101037327A,0.0
CN102198928A,0.0
CN102223801A,0.0
CN102223801B,0.0
CN102641661A,0.0
CN102643080A,0.0
CN103416171A,0.0
CN103771530A,0.0
CN103771530B,0.0
CN103992101A,0.0
CN104773841A,0.0
CN105623141A,0.0
CN106544852A,0.0
CN106544852B,0.0
CN106544853A,0.0
CN106544853B,0.0
CN106926544A,0.0
CN106926544B,0.0
CN201190110Y,0.0
US9492812B2,0.0
CN101077843A,0.0
CN101177357A,0.0
CN101270011A,0.0
CN101270013A,0.0
CN101585739B,0.0
CN102002369A,0.0
CN102617226A,0.0
CN102617226B,0.0
CN102775992A,0.0
CN102783400A,0.0
CN102783400B,0.0
CN103651072A,0.0
CN103651072B,0.0
CN103740375A,0.0
CN104027912A,0.0
CN104027912B,0.0
CN104072288A,0.0
CN104072686A,0.0
CN104291936A,0.0
CN104291936B,0.0
CN104692979A,0.0
CN104692979B,0.0
CN105754049A,0.0
CN105802638A,0.0
CN105950178A,0.0
CN106588474A,0.0
CN106589209A,0.0
CN107266210A,0.0
CN107266210B,0.0
CN107552009A,0.0
CN107602780A,0.0
CN108552222A,0.0
CN110445021A,0.0
CN110445021B,0.0
CN111996008A,0.0
CN113912451A,0.0
CN115340874A,0.0
CN117164780A,0.0
CN117164780B,0.0
CN101113120A,0.0
CN101857500A,0.0
CN102260122A,0.0
CN102408275A,0.0
CN102617234A,0.0
CN102617234B,0.0
CN103086771A,0.0
CN103086771B,0.0
CN103204746A,0.0
CN103204746B,0.0
CN103288559A,0.0
CN103288559B,0.0
CN103918721A,0.0
CN103918721B,0.0
CN104098402A,0.0
CN104130068A,0.0
CN104130068B,0.0
CN104973982A,0.0
CN104973982B,0.0
CN105175089A,0.0
CN107184640A,0.0
CN107251784A,0.0
CN108727100A,0.0
CN110776378A,0.0
CN110810440A,0.0
US10513467B2,0.0
US11542211B2,0.0
US9790134B2,0.0
CN101142913A,0.0
CN101817711A,0.0
CN101830760A,0.0
CN102210301A,0.0
CN102210301B,0.0
CN102273469A,0.0
CN102273469B,0.0
CN102461498A,0.0
CN102461498B,0.0
CN102475086A,0.0
CN102475086B,0.0
CN102613176A,0.0
CN102626084A,2.3661867609699643e-06
CN102823586A,0.0
CN102823586B,0.0
CN102919221A,0.0
CN102919221B,0.0
CN103636598A,0.0
CN103636598B,0.0
CN103960232A,0.0
CN104642327A,0.0
CN104642374A,0.0
CN104663681A,0.0
CN104686507A,0.0
CN106417269A,0.0
CN106962371A,0.0
CN106962371B,0.0
CN109042637A,0.0
CN110720454A,0.0
CN111700065A,0.0
CN111700065B,0.0
CN115211430A,0.0
CN115211430B,0.0
WO2017075777A1,0.0
CN101148375A,0.0
CN101774847A,0.0
CN101774862A,0.0
CN101786928A,0.0
CN101857472A,0.0
CN101857472B,0.0
CN102030578A,0.0
CN102030578B,0.0
CN102381905A,0.0
CN103449934A,0.0
CN103936504A,0.0
CN103936504B,0.0
CN104761388A,0.0
CN104829310A,0.0
CN105237257A,0.0
CN106699304A,0.0
CN107746335A,0.0
CN108314515A,0.0
CN101186540B,0.0
CN101891564A,0.0
CN101921150A,0.0
CN101921150B,0.0
CN101973791A,0.0
CN102084740A,0.0
CN102344316A,0.0
CN103030471A,0.0
CN103030471B,0.0
CN103168588A,0.0
CN103449856A,0.0
CN104276876A,0.0
CN104692917A,0.0
CN105085121A,0.0
CN105085121B,0.0
CN107141105A,0.0
CN101225010A,0.0
CN102617214A,0.0
CN102617214B,0.0
CN102953092A,0.0
CN104030839A,0.0
CN104030839B,0.0
CN104211471A,0.0
CN104609923A,0.0
CN104609923B,0.0
CN109173926A,0.0
CN109173926B,0.0
CN101254017A,0.0
CN102731954A,0.0
CN104126641A,0.0
CN104126641B,0.0
CN104788785A,0.0
CN106398092A,0.0
CN106398092B,0.0
CN108384092A,0.0
CN109265802A,0.0
CN109280267A,0.0
CN113966747A,0.0
CN113966747B,0.0
CN101313698A,0.0
CN101543243B,0.0
CN101817939A,0.0
CN101891864A,0.0
CN102382349A,0.0
CN102382349B,0.0
CN103601950A,0.0
CN103601950B,0.0
CN104059341A,0.0
CN104059341B,0.0
CN104082832A,0.0
CN104877218A,0.0
CN104925397A,0.0
CN105086061A,0.0
CN105199193A,0.0
CN106117732A,0.0
CN106117732B,0.0
CN106317540A,0.0
CN106317597A,0.0
CN106317600A,0.0
CN106319025A,0.0
CN107236176A,0.0
CN107245185A,0.0
CN107857920A,0.0
CN108794957A,0.0
CN108864650A,0.0
CN109517255A,0.0
CN109605889A,0.0
CN110901111A,0.0
CN112143080A,0.0
CN113248880A,0.0
CN114149628A,0.0
CN116082744A,0.0
CN116082744B,0.0
GB2605166A,0.0
CN101455197A,0.0
CN102210302A,0.0
CN102210302B,0.0
CN103204837A,0.0
CN103329896A,0.0
CN103329896B,0.0
CN103464102A,0.0
CN104938483A,0.0
CN105432607A,0.0
CN105432607B,0.0
CN107847896A,0.0
CN108014790A,0.0
CN108014790B,0.0
CN114885953A,0.0
CN101461358A,0.0
AU2017214451B2,0.0
AU2017214451B9,0.0
CN102939964A,0.0
CN102939964B,0.0
CN103461335A,0.0
CN103461335B,0.0
CN103461336A,0.0
CN103461336B,0.0
CN103931611A,0.0
CN104607119A,0.0
CN106857646A,0.0
CN107624798A,0.0
CN108705815A,0.0
CN109068654A,0.0
CN109068654B,0.0
CN110946133A,0.0
CN110946133B,1.0755394368045293e-06
CN111545143A,0.0
CN111961475A,0.0
CN111961475B,0.0
CN112106770A,0.0
EP3410855B1,0.0
GB2585502A,0.0
GB2585502B,0.0
US11311010B2,0.0
WO2017134308A1,0.0
WO2020136450A1,0.0
CN101485256A,0.0
CN103210784A,0.0
CN103210784B,0.0
CN104855211A,0.0
CN105432206A,0.0
CN106134719A,0.0
CN107079770A,0.0
CN108718874A,0.0
CN109156292A,0.0
CN110036815A,0.0
CN110036815B,0.0
CN101486618A,0.0
CN102850110A,0.0
CN102850110B,0.0
CN106007918A,0.0
CN110183274A,0.0
CN110357728A,0.0
EP3229589A4,0.0
US10822290B2,0.0
US20170327433A1,0.0
US20210292256A1,0.0
US9663412B2,0.0
WO2016094462A1,0.0
CN101658118A,0.0
CN102150589A,0.0
CN102257938A,0.0
CN104541920A,0.0
CN104541920B,0.0
CN106116746A,0.0
CN106116746B,0.0
CN108101676A,0.0
CN108208349A,0.0
CN109275481A,0.0
CN109526510A,0.0
CN110063194A,0.0
CN110063194B,0.0
CN110679545A,0.0
CN112056140A,0.0
CN114303764A,0.0
CN114375777A,0.0
CN101715686A,0.0
CN102150755A,0.0
CN102265965A,0.0
CN102283002A,0.0
CN102498914A,0.0
CN103756922A,0.0
CN103875345A,0.0
CN104272947A,0.0
CN104272947B,0.0
CN105198617A,0.0
CN105198617B,0.0
CN101734971A,0.0
CN102124890A,0.0
CN102150527A,0.0
CN102150530A,2.3661867609699643e-06
CN102150531A,0.0
CN102150532A,0.0
CN102150537A,0.0
CN102150590A,0.0
CN102150788A,0.0
CN102150789A,0.0
CN102771294A,0.0
CN102845699A,0.0
CN102845699B,0.0
CN102972270A,0.0
CN103355072A,0.0
CN103355072B,0.0
CN104584995A,0.0
CN104609924A,0.0
CN106116907A,0.0
CN106116908A,0.0
CN106116909A,0.0
CN106116910A,0.0
CN106116911A,0.0
CN106134957A,0.0
CN106187449A,0.0
CN106187451A,0.0
CN106665059A,0.0
CN112470686A,0.0
CN112470686B,0.0
WO2012075691A1,0.0
CN101734972A,0.0
CN102150529A,0.0
CN102804996A,0.0
CN104521667A,0.0
CN105084977A,0.0
CN105175099A,0.0
CN105993786A,0.0
CN105993786B,0.0
CN106465631A,0.0
CN107926470A,0.0
CN108029437A,0.0
CN109534927A,0.0
CN101869112A,0.0
CN104365595A,0.0
CN105815327A,0.0
CN105831156A,0.0
CN105851051A,0.0
CN105918313A,0.0
CN105918342A,0.0
CN107114385A,0.0
CN109769803A,0.0
CN109832266A,0.0
CN110907654A,0.0
CN111557907A,0.0
CN112826825A,0.0
CN116869012A,0.0
CN102144722A,0.0
CN102599345A,0.0
CN102599345B,0.0
CN103918935A,0.0
CN103918935B,0.0
CN103947824A,0.0
CN104431428A,0.0
CN108125018A,0.0
CN109414400A,0.0
CN110191715A,0.0
CN111631317A,0.0
EP3603652B1,0.0
EP3603653B1,0.0
JP6409151B1,0.0
JP6501135B2,0.0
JP6566600B2,0.0
JPWO2018173971A1,0.0
US11077152B2,0.0
US11147842B2,0.0
US11260022B2,0.0
US11642380B2,0.0
US11896625B2,0.0
WO2018173970A1,0.0
WO2018173971A1,0.0
WO2018173972A1,0.0
CN102715064A,0.0
CN102715064B,0.0
CN102792840A,2.1510788736090586e-06
CN102972272A,0.0
CN104221628A,0.0
CN104584997A,0.0
CN104620835A,0.0
CN104844313A,0.0
CN104844313B,0.0
CN105175141A,0.0
CN105210611A,0.0
CN105248068A,0.0
CN105248068B,0.0
CN105284567A,0.0
CN106688374A,0.0
CN106717991A,0.0
CN106818170A,0.0
CN111492904A,0.0
CN102150533A,0.0
CN102511281A,0.0
CN102771298A,0.0
CN104584999A,0.0
CN104817367A,0.0
CN105684672A,0.0
CN106748073A,0.0
CN106922340A,0.0
CN107087525A,0.0
CN109287234A,0.0
CN109287234B,0.0
CN102150546A,0.0
CN102511273A,0.0
CN103843562A,0.0
CN104380961A,0.0
CN104380961B,0.0
CN104969754A,0.0
CN106748509A,0.0
CN115067044A,0.0
CN102391053A,0.0
CN102643128A,7.887289203233215e-07
CN103193542A,3.9436446016166076e-07
CN103435409A,0.0
CN103435409B,0.0
CN103936509A,0.0
CN103936509B,0.0
CN104058879A,0.0
CN104058879B,0.0
CN104095243A,0.0
CN104095243B,0.0
CN104387192A,1.7567144134473979e-06
CN104876693A,0.0
CN105130586A,7.887289203233215e-07
CN106831168A,0.0
CN106892755A,0.0
CN106977272A,0.0
CN108002946A,0.0
CN108586082A,0.0
CN108586083A,0.0
CN108840904A,0.0
CN108840904B,0.0
CN108850812A,0.0
CN108863537A,0.0
CN109400363A,0.0
CN110981595A,0.0
CN110981595B,0.0
CN111170784A,0.0
CN111606754A,0.0
CN112997824A,0.0
CN113387742A,0.0
CN116199540B,0.0
CN116477982A,0.0
CN102531759A,0.0
CN102206121A,0.0
CN102206121B,0.0
CN102898238A,0.0
CN102898238B,0.0
CN102976863A,0.0
CN102976863B,0.0
CN102992890A,0.0
CN102992890B,0.0
CN103641637A,0.0
CN103708916A,0.0
CN104058855A,0.0
CN104058855B,0.0
CN104058896A,0.0
CN104072228A,0.0
CN104072265A,0.0
CN104072266A,0.0
CN104072267A,0.0
CN104072268A,0.0
CN104072313A,0.0
CN104072314A,0.0
CN104086248A,0.0
CN104447009A,0.0
CN104447010A,0.0
CN104447010B,0.0
CN104609964A,0.0
CN104909951A,0.0
CN105085034A,0.0
CN105837309A,0.0
CN106187587A,0.0
CN106472210A,0.0
CN107337518A,0.0
CN111662130A,0.0
CN113519230A,0.0
CN102552339A,0.0
CN103211331A,0.0
CN105434743A,0.0
CN105434786A,0.0
CN105456600A,0.0
CN105535948A,0.0
CN105582221A,0.0
CN105616818A,0.0
CN105616820A,0.0
CN105641287A,0.0
CN105641288A,0.0
CN105641289A,0.0
CN105663543A,0.0
CN105663544A,0.0
CN105663545A,0.0
CN105663593A,0.0
CN105708996A,0.0
CN105708997A,0.0
CN105726844A,0.0
CN105726845A,0.0
CN105726846A,0.0
CN105726875A,0.0
CN105726876A,0.0
CN105726877A,0.0
CN105726878A,0.0
CN105726879A,0.0
CN105726880A,0.0
CN105726881A,0.0
CN105748387A,0.0
CN105748792A,0.0
CN105748793A,0.0
CN105748794A,0.0
CN105748795A,0.0
CN105748796A,0.0
CN105748836A,0.0
CN105748837A,0.0
CN113274405A,0.0
CN103548822A,0.0
CN105176049A,0.0
CN105176049B,0.0
CN106087107A,0.0
CN106087107B,0.0
CN106804595A,0.0
CN107410295A,0.0
CN107410295B,0.0
CN109006850A,0.0
CN109430277A,0.0
CN110663681A,0.0
CN112841183A,0.0
CN112841183B,0.0
CN115812722A,0.0
GB2587264A,0.0
GB2587264B,0.0
WO2020136451A1,0.0
CN102631873A,0.0
CN103435325A,0.0
CN103435325B,0.0
CN105350104A,0.0
CN110280191A,0.0
CN110280191B,0.0
CN111642633A,0.0
CN111642633B,0.0
CN112588276A,0.0
CN115646430A,0.0
CN115920932A,0.0
CN103483081A,0.0
CN103483081B,0.0
CN103936491A,0.0
CN104355777A,0.0
CN104584845A,0.0
CN105294251A,0.0
CN105294251B,0.0
CN106278558A,0.0
CN107324924A,0.0
CN108471713A,0.0
CN108471713B,0.0
CN108640802A,0.0
CN102742573A,0.0
CN103043675A,0.0
CN103250698A,0.0
CN103314958A,0.0
CN103314958B,0.0
CN103846078A,0.0
CN103846078B,0.0
CN104667881A,0.0
CN104667881B,0.0
CN105111859A,0.0
CN105111859B,0.0
CN105379758A,0.0
CN105379758B,0.0
CN105454288A,0.0
CN105454293A,0.0
CN105541482A,0.0
CN109769804A,0.0
CN110167346A,0.0
JP6892150B2,0.0
CN103004567A,0.0
CN103004567B,0.0
CN104855256A,0.0
CN104855256B,0.0
CN105110913A,0.0
CN105766578A,0.0
CN108739253A,0.0
CN108739253B,0.0
CN108812267A,0.0
CN109169220A,0.0
CN109169220B,0.0
CN110151918A,0.0
CN111072413A,0.0
CN111083976A,0.0
CN113475357A,0.0
CN103059371B,2.509592019210568e-06
CN103289170A,0.0
CN103601945A,0.0
CN103601945B,0.0
CN103756098A,0.0
CN103756099A,0.0
CN103788465A,0.0
CN104530546A,0.0
CN104725712A,0.0
CN104761787A,0.0
CN104829964A,0.0
CN104844899A,0.0
CN104844915A,0.0
CN104844949A,0.0
CN104844952A,0.0
CN104861321A,0.0
CN105254984A,0.0
CN105348606A,0.0
CN105348606B,0.0
CN105885252A,0.0
CN107286426A,0.0
CN107286426B,0.0
CN107652511A,0.0
CN107955252A,0.0
CN108034114A,0.0
CN108912468A,0.0
CN108912468B,0.0
CN108948576A,0.0
CN109181167A,0.0
CN109206725A,0.0
CN109294048A,0.0
CN109762233A,0.0
CN109762233B,0.0
CN110066451A,0.0
CN114213687A,0.0
CN114213687B,0.0
CN114573906A,0.0
CN116082739A,0.0
CN104892062A,0.0
CN105300966A,0.0
CN109574750A,0.0
CN109892185A,0.0
CN112723917A,0.0
CN103289705A,0.0
CN105272766A,0.0
CN105315104A,0.0
CN105399578A,0.0
CN107954810A,0.0
CN109321255A,0.0
CN109321255B,0.0
CN109496663A,0.0
CN110684536A,0.0
CN111943778A,0.0
CN111943778B,0.0
CN115812377A,0.0
CN103392735A,0.0
CN103783054A,0.0
CN103783054B,0.0
CN105432604A,0.0
CN105432604B,0.0
CN105557687A,0.0
CN105557687B,0.0
CN109874799A,0.0
CN112400868A,0.0
CN112753719A,0.0
CN103478049A,0.0
CN104430089A,0.0
CN104430089B,0.0
CN104489360A,0.0
CN104885975A,0.0
CN104885975B,0.0
CN106035170A,0.0
CN106561522A,0.0
CN106665441A,0.0
CN106665441B,0.0
CN107027673A,0.0
CN107027673B,0.0
CN108157087A,0.0
CN108976091A,0.0
CN103497037A,0.0
CN103787766A,0.0
CN104115644A,0.0
CN104115644B,0.0
CN104193494A,0.0
CN104230532A,0.0
CN104230532B,0.0
CN104261957A,0.0
CN104341238A,0.0
CN104355785A,0.0
CN104370623A,0.0
CN104370623B,0.0
CN104892319A,0.0
CN105819929A,0.0
CN103539558A,0.0
CN104478533A,0.0
CN104876676A,0.0
CN104938272A,0.0
CN105218220A,0.0
CN105948870A,0.0
CN105948975A,0.0
CN106007854A,0.0
CN106588230A,0.0
CN107652084A,0.0
US11051460B2,0.0
CN103539560A,0.0
CN104045452A,0.0
CN104045452B,0.0
CN104045453A,0.0
CN104045453B,0.0
CN104086337A,0.0
CN104098379A,0.0
CN104447103A,0.0
CN104823635A,0.0
CN105924292A,0.0
US10196318B2,0.0
US10822286B2,0.0
US20170008813A1,0.0
US20190112239A1,0.0
CN103539585A,0.0
CN104058838A,0.0
CN104072312A,0.0
CN104108982A,0.0
CN104130051A,0.0
CN104130053A,0.0
CN104151023A,0.0
CN104151023B,0.0
CN104230513A,0.0
CN104232104A,0.0
CN104232104B,0.0
CN104262030A,0.0
CN105638732A,0.0
CN105777431A,0.0
CN103553814A,0.0
CN106278711A,0.0
CN106495961A,0.0
CN106748565A,0.0
CN107141077A,0.0
CN107417379A,0.0
CN107814666A,0.0
CN108383666A,0.0
CN110877995A,0.0
CN113603540A,0.0
CN115677423A,0.0
CN103703969A,0.0
CN103947422A,0.0
CN103947422B,0.0
CN103947446A,0.0
CN104541971A,0.0
CN104686163A,0.0
CN104686163B,0.0
CN105248234A,0.0
CN105248234B,0.0
CN105638362A,0.0
CN106105956A,0.0
CN107047197A,0.0
CN108040731A,0.0
CN109328844A,0.0
CN109952899A,0.0
CN112970500A,0.0
CN112970500B,0.0
CN103864512B,0.0
CN104311357A,0.0
CN104355918A,0.0
CN104355918B,0.0
CN105330485A,0.0
CN105330485B,0.0
CN105994446A,0.0
CN106008015A,0.0
CN107129403A,0.0
CN107935729A,0.0
CN108101677A,0.0
CN110402777A,0.0
CN112479786A,0.0
CN113149779A,0.0
CN104030800A,0.0
CN104291929A,0.0
CN104291930A,0.0
CN104291961A,0.0
CN104292049A,0.0
CN104292057A,0.0
CN104292058A,0.0
CN104292059A,0.0
CN104311306A,0.0
CN104311307A,0.0
CN104311369A,0.0
CN104355838A,0.0
CN104355839A,0.0
CN104355840A,0.0
CN104355841A,0.0
CN104355842A,0.0
CN104355843A,0.0
CN104355844A,0.0
CN104355845A,0.0
CN104355846A,0.0
CN104355847A,0.0
CN104355848A,0.0
CN104355940A,0.0
CN104355941A,0.0
CN104370630A,0.0
CN104387160A,0.0
CN104446911A,0.0
CN104446912A,0.0
CN104478549A,0.0
CN104496629A,0.0
CN104529604A,0.0
CN104591861A,1.649160469766945e-06
CN104892394A,0.0
CN104892394B,0.0
CN104892395A,0.0
CN104892395B,0.0
CN106854118A,0.0
CN107056474A,0.0
CN107827660A,0.0
CN108863516A,0.0
CN104030802B,0.0
CN104355824A,0.0
CN104355824B,0.0
CN104447026A,0.0
CN104447027A,0.0
CN104447027B,0.0
CN104609983A,0.0
CN104609983B,0.0
CN105061083A,0.0
CN105061083B,0.0
CN105461429A,0.0
CN106748241A,0.0
CN107177029A,0.0
CN107383347A,0.0
CN107383347B,0.0
CN109678628A,0.0
CN110590449A,0.0
CN110590449B,0.0
CN110818476A,0.0
CN111423281A,0.0
CN112028704A,0.0
CN116375531A,0.0
CN116375531B,0.0
CN104030813A,0.0
CN104291944A,0.0
CN104311218A,0.0
CN104938383A,0.0
CN105237103A,0.0
CN105237259A,0.0
CN105294257A,0.0
CN106431775A,0.0
CN107473783A,0.0
CN110402633A,0.0
CN110402633B,0.0
CN112047767A,0.0
CN113149768A,0.0
CN104030825A,0.0
CN104262051A,0.0
CN104829329A,0.0
CN105130699A,0.0
CN105315103A,0.0
CN105503424A,0.0
CN105924279A,0.0
CN105924280A,0.0
CN105993797A,0.0
CN107135890A,0.0
CN108040738A,0.0
CN108976056A,0.0
CN110372459A,0.0
ES2528091A1,0.0
ES2528091B1,0.0
CN104031313A,0.0
CN105017617A,0.0
CN105075751A,0.0
CN105075751B,0.0
CN105694173A,0.0
CN106366358A,0.0
CN106366408A,0.0
CN106750738A,0.0
CN106973757A,0.0
CN107177103A,0.0
CN107189180A,0.0
CN107815008A,0.0
CN109320833A,0.0
CN109354747A,0.0
CN109354747B,0.0
CN109485986A,0.0
CN109511447A,0.0
CN104058836A,0.0
CN104945186A,0.0
CN104945187A,0.0
CN105271271A,0.0
CN105819988A,0.0
CN105819989A,0.0
CN105819990A,0.0
CN107266246A,0.0
CN108752132A,0.0
CN108913156A,0.0
CN108913156B,0.0
CN104086307A,0.0
CN104478634A,0.0
CN104478634B,0.0
CN104478635A,0.0
CN104478635B,0.0
CN104774112A,0.0
CN104774112B,0.0
CN105622296A,0.0
CN106171098A,0.0
CN109054852A,0.0
CN109734501A,0.0
CN114656303A,0.0
CN115974620A,0.0
CN104177201A,0.0
CN105130522A,0.0
CN105130522B,0.0
CN106588275A,0.0
CN106747729A,0.0
US10865159B2,0.0
US11021409B2,0.0
US11066342B2,0.0
US11104618B2,0.0
US11124463B2,0.0
US11306037B2,0.0
US11345645B2,0.0
US11358908B2,0.0
US11401218B2,0.0
US11802097B2,0.0
US11806689B2,0.0
US12006273B2,0.0
CN104355905A,0.0
CN104829320A,0.0
CN104844333A,0.0
CN104844382A,0.0
CN104844382B,0.0
CN104892146A,0.0
CN104892146B,0.0
CN104961537A,0.0
CN106068986A,0.0
CN106069461A,0.0
CN106431592A,0.0
CN107176893A,0.0
CN107235788A,0.0
CN108658707A,0.0
CN105061012A,0.0
CN105061016A,0.0
CN105085005A,0.0
CN106007995A,0.0
CN106396802A,0.0
CN106588369A,0.0
CN106631366A,0.0
CN106810383A,0.0
CN106977273A,0.0
CN107285923A,0.0
CN108083909A,0.0
CN108530143A,0.0
CN110352776A,0.0
CN110452060A,0.0
CN110655428A,0.0
CN111375618A,0.0
CN111375618B,0.0
CN111868013A,0.0
CN113105288A,0.0
CN113603532A,0.0
CN113603532B,0.0
CN114569475A,0.0
CN114569475B,0.0
CN104387200A,0.0
CN104761379A,0.0
CN104996463A,0.0
CN104996463B,0.0
CN105110896A,0.0
CN105110897A,0.0
CN105130588A,0.0
CN105152747A,0.0
CN105175102A,0.0
CN105347950A,0.0
CN105347954A,0.0
CN105384567A,0.0
CN105418216A,0.0
CN105418217A,0.0
CN105418218A,0.0
CN105418303A,0.0
CN105439740A,3.226618310413588e-06
CN105439751A,0.0
CN106242787A,0.0
CN107021841A,0.0
CN107021841B,0.0
CN107721692A,0.0
CN108251326A,0.0
CN109721417A,0.0
CN110577431A,0.0
CN110577446A,0.0
CN113292376A,0.0
CN113307686A,0.0
CN104447001A,0.0
CN105000999A,0.0
CN105016893A,0.0
CN105061033A,0.0
CN105085020A,0.0
CN105085021A,0.0
CN105152749A,0.0
CN105330481A,0.0
CN105330482A,0.0
CN105384500A,0.0
CN105985188A,0.0
CN106022941A,0.0
CN106022941B,0.0
CN106396849A,0.0
CN107183089A,0.0
CN107698398A,0.0
CN108409417A,0.0
CN108530203A,0.0
CN108640791A,0.0
CN108821873A,0.0
CN108863588A,0.0
CN104447117B,0.0
CN105384572A,0.0
CN105439704A,0.0
CN107347475A,0.0
CN107353128A,0.0
CN110583353A,0.0
CN111517868A,0.0
CN112322538A,0.0
CN113575153A,0.0
CN114890849A,0.0
CN104472160A,0.0
CN104871894A,0.0
CN104920143A,0.0
CN105145222A,0.0
CN105165352A,0.0
CN105660161A,0.0
CN106912343A,0.0
CN106982949A,0.0
CN107466788A,0.0
CN107567792A,0.0
CN108250000A,0.0
CN108299127A,0.0
CN108456035A,0.0
CN108551795A,0.0
CN108633591A,0.0
CN108834521A,0.0
CN108834521B,0.0
CN108863618A,0.0
CN108887058A,0.0
CN109006118A,0.0
CN109006118B,0.0
CN110959453A,0.0
CN112314313A,0.0
CN105859486A,0.0
CN106305246A,0.0
CN106358885A,0.0
CN106386313A,0.0
CN106416894A,0.0
CN106416895A,0.0
CN106431666A,0.0
CN106431671A,0.0
CN106489471A,0.0
CN106489472A,0.0
CN106508534A,0.0
CN106518520A,0.0
CN106561203A,0.0
CN106613612A,0.0
CN106613613A,0.0
CN106613614A,0.0
CN106631341A,0.0
CN106631342A,0.0
CN107285879A,0.0
CN108164354A,0.0
CN111170796A,0.0
CN111170796B,0.0
CN111548222A,0.0
CN104591866A,0.0
CN104920106A,0.0
CN104938124A,0.0
CN106797821A,0.0
CN104672825A,0.0
CN105602209A,0.0
CN105602209B,0.0
CN107216621A,0.0
CN109666269A,0.0
CN111100437A,0.0
CN111100437B,0.0
CN111925631A,0.0
CN111925631B,0.0
CN111978692A,0.0
CN112029124A,0.0
CN112029124B,0.0
CN112442261A,0.0
CN114410077A,0.0
CN115386072A,0.0
CN115386072B,0.0
CN115386073A,0.0
CN116444955A,0.0
EP3428232B1,0.0
EP3724273B1,0.0
US10633514B2,0.0
US11279823B2,0.0
US11667751B2,0.0
WO2017152597A1,0.0
WO2019113713A1,0.0
CN104761351A,0.0
CN105085078A,0.0
CN105175127A,5.019184038421137e-07
CN105294313A,0.0
CN105294313B,0.0
CN105777327A,0.0
CN106242837A,0.0
CN107043292A,0.0
CN107814612A,0.0
CN108358703A,0.0
CN108358703B,0.0
CN108424257A,0.0
CN108424302A,0.0
CN108752088A,0.0
CN110776372A,0.0
CN113233479A,0.0
CN114853526A,0.0
CN116063127A,0.0
WO2019196290A1,0.0
WO2019196291A1,0.0
CN104788619A,0.0
CN105906766A,0.0
CN107602932A,0.0
CN108947702A,0.0
CN108947702B,0.0
CN109796989A,0.0
CN109796989B,0.0
CN109879704A,0.0
CN109970917A,0.0
CN110746230A,0.0
CN110790615A,0.0
CN110846049A,0.0
CN110878212A,0.0
CN110922951A,0.0
CN110922951B,0.0
CN110933966A,0.0
CN110964532A,0.0
CN111574096A,0.0
CN111574096B,0.0
CN112480301A,0.0
CN112535086A,0.0
CN112889625A,0.0
CN115119678A,0.0
CN115490455A,0.0
CN115490455B,0.0
CN104798772B,0.0
CN105145553A,0.0
CN106280097A,0.0
CN106280097B,0.0
CN107372485A,0.0
CN107372544A,0.0
CN107568214A,0.0
CN107568214B,0.0
CN108601342A,0.0
CN108902135A,0.0
CN109197863A,0.0
CN109730078A,0.0
CN109730078B,0.0
CN109792996A,0.0
CN109792996B,0.0
CN110527464A,0.0
CN111149797A,0.0
CN111296445A,0.0
CN111296445B,0.0
CN112189675A,0.0
CN112314614A,0.0
CN112314614B,0.0
CN114600879A,0.0
CN117413828A,0.0
CN117413828B,0.0
EP3410851B1,0.0
WO2017133868A1,0.0
CN104817413A,0.0
CN105859454A,1.577457840646643e-06
CN106220331A,0.0
CN106281351A,0.0
CN106613606A,0.0
CN106922245A,0.0
CN106922245B,0.0
CN107360923A,0.0
CN108640778A,0.0
CN109673194A,0.0
CN111512917A,0.0
CN104876679A,0.0
CN105801283A,0.0
CN105819977A,0.0
CN105837381A,0.0
CN105837382A,0.0
CN105967783A,0.0
CN105967784A,0.0
CN105967875A,0.0
CN106007831A,0.0
CN106007916A,0.0
CN106008070A,0.0
CN106008074A,0.0
CN106116891A,0.0
CN106744801A,0.0
CN106825012A,0.0
CN107241926A,0.0
CN107241926B,0.0
CN107699244A,0.0
CN109644822A,0.0
CN110683895A,0.0
WO2017208250A1,0.0
CN104892224A,0.0
CN105801316A,0.0
CN106045688A,0.0
CN107188673A,0.0
CN107840713A,0.0
CN107935697A,0.0
CN108002904A,0.0
CN108410471A,0.0
CN108410471B,0.0
CN108440111A,0.0
CN108484309A,0.0
CN111484373A,0.0
CN113501739A,0.0
CN104986752A,0.0
CN105582895A,0.0
CN105582895B,0.0
CN106365785A,0.0
CN106396842A,0.0
CN106431605A,0.0
CN106431703A,0.0
CN106431704A,0.0
CN106431768A,0.0
CN106565289A,0.0
CN106565315A,0.0
CN106565369A,0.0
CN108622871A,0.0
CN108622871B,0.0
CN105052935A,7.170262912030195e-08
CN105831143A,0.0
CN105831155A,0.0
CN105918314A,0.0
CN105935057A,0.0
CN105941461A,0.0
CN105085115A,0.0
CN105294315A,0.0
CN105418239A,0.0
CN105494272A,0.0
CN105557108A,0.0
CN105580679A,0.0
CN105601431A,0.0
CN105613431A,0.0
CN105638577A,0.0
CN105837379A,0.0
CN106045697A,0.0
CN106083297A,0.0
CN106316660A,0.0
CN106365770A,0.0
CN106518357A,0.0
CN106916035A,0.0
CN107056534A,0.0
CN107266183A,0.0
CN107382450A,0.0
CN107500821A,0.0
CN107827590A,0.0
CN108002955A,0.0
CN108484305A,0.0
CN108586024A,0.0
CN109265258A,0.0
CN109650972A,0.0
CN111205141A,0.0
CN116354770A,0.0
CN106083286A,0.0
CN106348976A,0.0
CN108575590A,0.0
CN108812122A,0.0
CN108976083A,0.0
CN112010271A,0.0
CN112010271B,0.0
CN112062635A,0.0
CN112062635B,0.0
CN113100440A,0.0
CN113100440B,0.0
CN105132314A,0.0
CN105969705A,0.0
CN109182128A,0.0
CN109706096A,0.0
CN109706096B,0.0
CN109735466A,0.0
CN110106102A,0.0
CN110106102B,0.0
CN111979152A,0.0
CN113373094A,0.0
CN113373094B,0.0
CN115725554A,0.0
CN107098752A,0.0
CN107162765A,0.0
CN107500853A,0.0
CN109651020A,0.0
CN111777451A,0.0
CN114507102A,0.0
WO2018149421A1,0.0
CN105384519A,0.0
CN105967953A,0.0
CN106007915A,0.0
CN106588327A,0.0
CN106866313A,0.0
CN107382560A,0.0
CN107382560B,0.0
CN107522551A,0.0
CN107628871A,0.0
CN107628871B,0.0
CN108503448A,0.0
CN109265249A,0.0
CN109503919A,0.0
CN114195586A,0.0
CN115804279A,0.0
CN105384520A,0.0
CN106966796A,0.0
CN108370698A,0.0
CN108852897A,0.0
CN111244483A,0.0
CN111244483B,0.0
CN111848289A,0.0
CN112142513A,0.0
CN112142513B,0.0
CN113636890A,0.0
CN113636890B,0.0
CN114208614A,0.0
CN114208614B,0.0
CN114956905A,0.0
WO2022036522A1,0.0
CN106116936A,0.0
CN106866287A,0.0
CN106957658A,0.0
CN107254320A,0.0
CN107254320B,0.0
CN107353164A,0.0
CN107686402A,0.0
CN108395316A,0.0
CN109206214A,0.0
CN110463497A,0.0
CN110463497B,0.0
CN110981588A,0.0
CN111943752A,0.0
CN114431235A,0.0
CN105482385B,0.0
CN106009710A,0.0
CN106118075A,0.0
CN107603168A,0.0
CN107603168B,0.0
CN108192310A,0.0
CN108727789A,0.0
CN109666276A,0.0
CN109666276B,0.0
CN109721984A,0.0
CN110483961A,0.0
CN110757849A,0.0
CN111087780A,0.0
CN111087780B,0.0
CN112094490A,0.0
CN112094490B,0.0
CN112266475A,0.0
CN112266475B,0.0
CN114149667A,0.0
CN114292424A,0.0
CN114437516A,0.0
CN114437516B,0.0
CN116063835A,0.0
CN117343499A,0.0
CN105503387A,0.0
CN106083323A,0.0
CN106220373A,0.0
CN106220374A,0.0
CN106220375A,0.0
CN106220396A,0.0
CN106220439A,0.0
CN106242775A,0.0
CN106242902A,0.0
CN106278652A,0.0
CN106336279A,0.0
CN106518291A,0.0
CN106542880A,0.0
CN106542881A,0.0
CN106748155A,0.0
CN110171997A,0.0
WO2023106413A1,0.0
CN105523849A,0.0
CN106332721A,0.0
CN106946424A,0.0
CN106977343A,0.0
CN107473879A,0.0
CN108064626A,0.0
CN108329158A,0.0
CN108440181A,0.0
CN108863553A,0.0
CN108863553B,0.0
CN109673421A,0.0
CN105713238A,0.0
CN106634500A,0.0
CN107868588A,0.0
CN109564360A,0.0
CN109762376A,0.0
CN112011069A,0.0
CN112204191A,0.0
CN113773079A,0.0
CN113773079B,0.0
EP3500890A4,0.0
US10996496B2,0.0
WO2018034621A1,0.0
CN105820017A,0.0
CN106316695A,0.0
CN106380345A,0.0
CN106397019A,0.0
CN106905052A,0.0
CN107347562A,0.0
CN107494055A,0.0
CN107509599A,0.0
CN107698389A,0.0
CN108559002A,0.0
CN108976015A,0.0
CN109618791A,0.0
CN109912347A,0.0
CN110015929A,0.0
CN110776924A,0.0
CN110776924B,0.0
CN113061439A,0.0
CN114766117A,0.0
CN117581721A,0.0
CN117581721B,0.0
WO2019057935A1,0.0
CN106316618A,0.0
CN106365774A,1.8642683571278507e-06
CN106386034A,0.0
CN106386034B,0.0
CN106745762A,0.0
CN106745762B,0.0
CN107540307A,0.0
CN109699435A,0.0
CN114015458A,0.0
CN105884561A,0.0
CN107226730A,0.0
CN108623399A,0.0
CN109438104A,0.0
CN109467467A,0.0
CN109467483A,0.0
CN110903131A,0.0
CN112961004A,0.0
CN112961004B,0.0
CN113956097A,0.0
CN116675574A,0.0
CN105950166A,0.0
CN106883025A,0.0
CN107032935A,0.0
CN107879850A,0.0
CN107879850B,0.0
CN107892921A,0.0
CN107892921B,0.0
CN108164358A,0.0
CN108611100A,0.0
CN108611100B,0.0
CN108841397A,0.0
CN108841397B,0.0
CN109486494A,0.0
CN109486494B,0.0
CN110698285A,0.0
CN113322076A,0.0
CN115124382A,0.0
CN116023193A,0.0
US11124461B2,0.0
US11691929B2,0.0
CN105998062A,0.0
CN108721619A,0.0
CN108721619B,0.0
CN110241174A,0.0
CN110241174B,0.0
CN110632109A,0.0
CN111615403A,0.0
CN113427015A,0.0
CN113427015B,0.0
CN114931588A,0.0
CN114931588B,0.0
CN106008069A,0.0
CN106554229A,0.0
CN106565341A,0.0
CN106588403A,0.0
CN106631383A,0.0
CN106699340A,0.0
CN106747950A,0.0
CN106748402A,0.0
CN107056528A,0.0
CN108003880A,0.0
CN108586022A,0.0
CN109748741A,0.0
CN106187364A,0.0
CN106883044A,0.0
CN106977306A,0.0
CN107056406A,0.0
CN107056536A,0.0
CN107235812A,0.0
CN107500954A,0.0
CN107759401A,0.0
CN108358731A,0.0
CN108660027A,0.0
CN110194708A,0.0
CN106190905A,0.0
CN107164237A,0.0
CN107251757A,0.0
CN107881127A,0.0
CN107881127B,0.0
CN108048361A,0.0
CN108048361B,0.0
CN108977397A,0.0
CN109222108A,0.0
CN109380633A,0.0
CN109402007A,0.0
CN109402007B,0.0
CN109777749A,0.0
CN109777749B,0.0
CN110931765A,0.0
CN110931765B,0.0
CN111096202A,0.0
CN111096202B,0.0
CN111446441A,0.0
CN111518842A,0.0
CN111518844A,0.0
CN111518844B,0.0
CN113308401A,0.0
CN113308401B,0.0
CN113439623A,0.0
CN114133290A,0.0
CN114480224A,0.0
CN114606162A,0.0
CN114606162B,0.0
CN114686395A,0.0
CN114686395B,0.0
CN114916610A,0.0
CN115261257A,0.0
CN115261257B,0.0
CN115380790A,0.0
CN115678793B,0.0
CN115838770A,0.0
CN115838770B,0.0
CN115992053A,0.0
WO2024113498A1,0.0
CN106305073A,0.0
CN107027513A,0.0
CN107711354A,0.0
CN107801583A,0.0
CN109197893A,0.0
CN109197893B,0.0
CN109349023A,0.0
CN109673427A,0.0
CN110326500A,0.0
CN112544357A,0.0
CN106346871A,0.0
CN106585031A,0.0
CN106671537A,0.0
CN106688741A,0.0
CN106827753A,0.0
CN106863956A,0.0
CN106863965A,0.0
CN107079746A,0.0
CN108584128A,0.0
CN109265772A,0.0
CN113796244A,0.0
CN114031834A,0.0
GB2572765A,0.0
GB2572765B,0.0
US11731376B2,0.0
CN106748314A,0.0
CN106748328A,0.0
CN106883055A,0.0
CN106905066A,0.0
CN106962551A,0.0
CN107056478A,0.0
CN107056537A,0.0
CN107523307A,0.0
CN107593816A,0.0
CN108329103A,0.0
CN108640740A,0.0
CN108911898A,0.0
CN108947738A,0.0
CN106380288A,0.0
CN108424282A,0.0
CN109293429A,0.0
CN109734510A,0.0
CN111607402A,0.0
CN111607402B,0.0
CN112552127A,0.0
CN113880666A,0.0
CN113880666B,0.0
CN115088564A,0.0
CN115088564B,0.0
CN115505396A,0.0
CN117106458A,0.0
CN106380308A,0.0
CN108203344A,0.0
CN108633383A,0.0
CN108633383B,0.0
CN109665911A,0.0
CN109665911B,0.0
CN110278740A,0.0
CN110278957A,0.0
CN110710356A,0.0
CN110776365A,0.0
CN110839650A,0.0
CN112159268A,0.0
CN112159268B,0.0
CN113348979A,0.0
CN113348979B,0.0
CN106478180A,0.0
CN107473900A,0.0
CN107500993A,0.0
CN107556111A,0.0
CN107602225A,0.0
CN107857674A,0.0
CN107857674B,0.0
CN108299130A,0.0
CN108314556A,0.0
CN108911914A,0.0
CN108929171A,0.0
CN113149725A,0.0
CN106479927B,0.0
CN106884000A,0.0
CN106884000B,0.0
CN108676817A,0.0
CN108676817B,0.0
CN109504635A,0.0
CN109504635B,0.0
CN111264299A,0.0
CN111264299B,0.0
CN112831435A,0.0
CN112831435B,0.0
CN113396965A,0.0
CN113396967A,0.0
CN113412854A,0.0
CN113481191A,0.0
CN114015606A,0.0
CN114015606B,0.0
CN114703088A,0.0
CN114806936A,0.0
CN114946884A,0.0
CN115044621A,0.0
CN115104675A,0.0
CN115104675B,0.0
CN115927114A,0.0
CN115927114B,0.0
WO2023020191A1,0.0
CN111943764A,0.0
CN115974613A,0.0
CN117185859A,0.0
CN117185859B,0.0
CN118451055A,0.0
WO2023126405A1,0.0
CN112159269A,0.0
CN113024315A,0.0
CN113402308A,0.0
CN114213189A,0.0
CN115043688A,0.0
CN116023196A,0.0
CN116023196B,0.0
CN116082084A,0.0
CN117623824A,0.0
CN117623824B,0.0
CN118221478A,0.0
CN106554240A,0.0
CN107360750A,0.0
CN108727076A,0.0
CN109943344A,0.0
CN110156511A,0.0
CN110800526A,0.0
CN112723957A,0.0
CN112723957B,0.0
CN113207624A,0.0
CN113461446A,0.0
CN113652242A,0.0
CN114436714A,0.0
CN115010553A,0.0
CN106577644A,0.0
CN107324917A,0.0
CN107759389A,0.0
CN107827540A,0.0
CN108147905A,0.0
CN108522541A,0.0
CN108684706A,0.0
CN108739852A,0.0
CN109053289A,0.0
CN109430258A,0.0
CN109497048A,0.0
CN110357718A,0.0
CN110357718B,0.0
CN111470915A,0.0
CN111587890A,0.0
CN111727964A,0.0
CN111727965A,0.0
CN111727965B,0.0
CN114342936A,0.0
CN114342936B,0.0
CN114668019A,0.0
CN106673914A,0.0
CN107382622A,0.0
CN107382622B,0.0
CN108069783A,0.0
CN108486001A,0.0
CN109006227A,0.0
CN109006227B,0.0
CN109336710A,0.0
CN109369243A,0.0
CN109400378A,0.0
CN109422573A,0.0
CN109503271A,0.0
CN110483213A,0.0
CN112592866A,0.0
CN113057080A,0.0
CN113057080B,0.0
CN113714277A,0.0
CN116375526A,0.0
CN116375526B,0.0
CN106699483A,0.0
CN107453215A,0.0
CN107453215B,0.0
CN107500881A,0.0
CN109305850A,0.0
CN109456123A,0.0
CN110041136A,0.0
CN112142524A,0.0
CN112661573A,0.0
CN112759473A,0.0
CN113087572A,0.0
CN113383685A,0.0
CN114890838A,0.0
CN106719630A,0.0
CN107333759A,0.0
CN107333759B,0.0
CN108969480A,0.0
CN110140717A,0.0
CN110183549A,0.0
CN110183549B,0.0
CN110651786A,0.0
CN110651786B,0.0
CN111296425A,0.0
CN111533848A,0.0
CN111533848B,0.0
CN111919843A,0.0
CN113082083A,0.0
CN113429517A,0.0
CN113429517B,0.0
CN116199799A,0.0
CN116199799B,0.0
CN106747995A,0.0
CN107162692A,0.0
CN107188704A,0.0
CN109422566A,0.0
CN109511652A,0.0
CN109511652B,0.0
CN109836207A,0.0
CN112997728A,0.0
CN114773111A,0.0
WO2020103268A1,0.0
CN106748577A,0.0
CN108264398A,0.0
CN108383587A,0.0
CN109534896A,0.0
CN109593530A,0.0
CN110937954A,0.0
CN111763125A,0.0
CN112409073A,0.0
CN115286456A,0.0
CN115286456B,0.0
CN106831154A,0.0
CN107253891A,0.0
CN108017467A,0.0
CN108076932A,0.0
CN111233555A,0.0
CN114538997A,0.0
CN114538997B,0.0
DE202023100897U1,0.0
RU2741118C1,0.0
TWI787397B,0.0
US10011536B1,0.0
US11299436B2,0.0
WO2019098853A1,0.0
CN107188738A,0.0
CN107721765A,0.0
CN108409469A,0.0
CN108610187A,0.0
CN108675870A,0.0
CN109769651A,0.0
CN109776162A,0.0
CN109776192A,0.0
CN109809880A,0.0
CN110591725A,0.0
CN110591725B,0.0
CN112661561A,0.0
CN107200630A,0.0
CN110679608A,0.0
CN110679608B,0.0
CN110692633A,0.0
CN110742082A,0.0
CN110742086A,0.0
CN110742086B,0.0
CN110786327A,0.0
CN110800759A,0.0
CN110800759B,0.0
CN114749656A,0.0
CN115322035A,0.0
CN107251830B,0.0
CN108275845A,0.0
CN108371123A,0.0
CN108419739A,0.0
CN108419739B,0.0
CN108522256A,0.0
CN109220933A,0.0
CN109329174A,0.0
CN109601467A,0.0
CN109721210A,0.0
CN109730026A,0.0
CN109997676A,0.0
CN109997676B,0.0
CN110228903A,0.0
CN110228903B,0.0
CN110506696A,0.0
CN110506696B,0.0
CN111362509A,0.0
CN111406695A,0.0
CN111406695B,0.0
CN111875133A,0.0
CN112616756A,0.0
CN112875905A,0.0
CN113415953A,0.0
CN107251896B,0.0
CN108668830A,0.0
CN108668830B,0.0
CN111642505A,0.0
CN115380899A,0.0
CN115530163A,0.0
CN115530163B,0.0
CN115702639A,0.0
CN115702640A,0.0
CN115836679A,0.0
CN115836679B,0.0
CN107285926A,0.0
CN108101719A,0.0
CN108191549A,0.0
CN108191550A,0.0
CN108440168A,0.0
CN108440198A,0.0
CN108456062A,0.0
CN108484298A,0.0
CN108675866A,0.0
CN108739156A,0.0
CN110041125A,0.0
CN111320511A,0.0
CN112939691A,0.0
CN107410294A,0.0
CN108558772A,0.0
CN110250212A,0.0
CN110885836A,0.0
CN111713493A,0.0
CN111713493B,0.0
CN111887257A,0.0
CN113068688A,0.0
CN114403138A,0.0
CN117136965A,0.0
CN117136965B,0.0
TWI821996B,0.0
CN107759420A,0.0
CN108276222A,0.0
CN109369269A,0.0
CN109369269B,0.0
CN109485524A,0.0
CN110577430A,0.0
CN117417210A,0.0
CN108129200A,0.0
CN109181704A,0.0
CN109181704B,0.0
CN109206181A,0.0
CN109206181B,0.0
CN109320346A,0.0
CN109320347A,0.0
CN109328513A,0.0
CN109328513B,0.0
CN109336676A,0.0
CN109354532A,0.0
CN109354543A,0.0
CN109438026A,0.0
CN109575932A,0.0
CN109575932B,0.0
CN109757336A,0.0
CN110066662A,0.0
CN110066662B,0.0
CN110129059A,0.0
CN110695073A,0.0
CN112010704A,0.0
CN112980448A,0.0
CN112980448B,0.0
CN113317089A,0.0
CN113652233A,0.0
CN114940633A,0.0
CN114940637A,0.0
CN108218597A,0.0
CN108947706A,0.0
CN109336712A,0.0
CN109438093A,0.0
CN111302864A,0.0
CN112159287A,0.0
CN115286466A,0.0
CN116063126A,0.0
CN116553971A,0.0
CN116553971B,0.0
CN118005462A,0.0
EP4206166A1,0.0
EP4206167A1,0.0
EP4206168A1,0.0
GB2586121A,0.0
GB2586121B,0.0
CN108440171A,0.0
CN109054856A,0.0
CN109400801A,0.0
CN109516838A,0.0
CN109516838B,0.0
CN111592888A,0.0
CN111592888B,0.0
CN111961476A,0.0
CN111961476B,0.0
CN112028700A,0.0
CN114736687A,0.0
CN115380783A,0.0
CN108727106A,0.0
CN111592411A,0.0
CN113354481A,0.0
CN113480344A,0.0
CN117126005A,0.0
CN117126005B,0.0
CN108947692A,0.0
CN110183266A,0.0
CN110256138A,0.0
CN110511099A,0.0
CN111165517A,0.0
CN112409074A,0.0
CN112679278A,0.0
CN113558057A,0.0
CN114213183A,0.0
CN114436706A,0.0
CN116082087A,0.0
CN109134146A,0.0
AU2022221539A1,0.0
CN110122261A,0.0
CN110122261B,0.0
CN110125163A,0.0
CN110125163B,0.0
CN111269723A,0.0
CN111269723B,0.0
CN111500291A,0.0
CN111500291B,0.0
CN112342027A,0.0
CN116441301A,0.0
CN116441301B,0.0
CN109265248A,0.0
CN110452050A,0.0
CN110452051A,0.0
CN113372142A,0.0
CN114051894A,0.0
CN114223668A,0.0
CN114223668B,0.0
CN114467972A,0.0
CN115093275A,0.0
CN109744245A,0.0
CN110881462A,0.0
CN113260257A,0.0
CN113260257B,0.0
CN115141154A,0.0
CN115141154B,0.0
WO2020135600A1,5.736210329624156e-07
WO2020135780A1,0.0
CN109966505B,0.0
CN110420346A,0.0
CN110420346B,0.0
CN110590452A,0.0
CN110590452B,0.0
CN112375159A,0.0
CN112544618A,0.0
CN112616840A,0.0
CN112806358A,0.0
CN112851430A,0.0
CN112891369A,0.0
CN112931519A,0.0
CN112956482A,0.0
CN113753933A,0.0
CN110343282A,0.0
CN112252069A,0.0
CN112252069B,0.0
CN112273716A,0.0
CN112523002A,0.0
CN112523002B,0.0
CN112538777A,0.0
CN112538777B,0.0
CN112553708A,0.0
CN112553968A,0.0
CN112553968B,0.0
CN112620298A,0.0
CN112620298B,0.0
CN113831563A,0.0
CN114058055A,0.0
CN114058055B,0.0
CN114377559A,0.0
CN114377559B,0.0
CN110615713A,0.0
CN111492903A,0.0
CN111621300A,0.0
CN112409065A,0.0
CN112661582A,0.0
CN114804970A,0.0
CN114868597A,0.0
CN114868597B,0.0
CN116000077A,0.0
CN116969800A,0.0
CN117701444A,0.0
CN111328802A,0.0
CN111743862A,0.0
CN111743862B,0.0
CN111821262A,0.0
CN111821262B,0.0
CN114258922A,0.0
CN114262449A,0.0
CN114507359A,0.0
CN115804373A,0.0
CN118058273A,0.0
WO2021234531A1,0.0
CN111011371B,0.0
CN112262850A,0.0
CN113913045A,0.0
CN113913045B,0.0
CN114653402A,0.0
CN114653402B,0.0
CN114699535A,0.0
CN114699535B,0.0
CN115843809A,0.0
CN115843809B,0.0
CN116603076A,0.0
CN116603076B,0.0
CN111134133A,0.0
CN111789131A,0.0
CN113018500A,0.0
CN113018500B,0.0
CN114410222A,0.0
CN114410222B,0.0
CN112225894B,0.0
CN112452356A,0.0
CN114591558A,0.0
CN114713291A,0.0
CN114713291B,0.0
CN114891370A,0.0
CN114891370B,0.0
CN115093614A,0.0
CN116327640A,0.0
CN117323269A,0.0
CN117323269B,0.0
CN118029134A,0.0
CN1358440A,0.0
CN102210324A,0.0
CN102583399A,0.0
CN102583399B,0.0
CN104072955A,0.0
CN104072955B,0.0
CN104430520A,0.0
CN104688773A,0.0
CN104688773B,0.0
CN105016382A,0.0
CN105016382B,0.0
CN105191987A,0.0
CN106561710A,0.0
CN106561710B,0.0
CN106577731A,0.0
CN106577731B,0.0
CN107583652A,0.0
CN107603316A,0.0
CN109077063A,0.0
CN109077063B,0.0
CN113795149A,0.0
CN113795149B,0.0
CN1285405C,0.0
CN1295003C,0.0
CN1660485A,0.0
CN1358791A,0.0
CN100441661C,0.0
CN100460472C,0.0
CN100496944C,0.0
CN101157829B,0.0
CN101469087A,0.0
CN101469087B,0.0
CN101633797A,0.0
CN101633797B,0.0
CN101880418A,0.0
CN101880418B,0.0
CN102061026A,0.0
CN102061026B,0.0
CN102295793A,0.0
CN103059370A,0.0
CN103059370B,0.0
CN103059371A,0.0
CN103113654A,0.0
CN103113654B,0.0
CN103571023A,0.0
CN103571023B,0.0
CN103601958A,0.0
CN103897247A,0.0
CN103980592A,0.0
CN103980592B,0.0
CN104072844A,0.0
CN104072844B,0.0
CN104140612A,0.0
CN104140612B,0.0
CN104478479A,0.0
CN104478479B,0.0
CN104530553A,0.0
CN104530554A,0.0
CN104788786A,0.0
CN104974410A,0.0
CN105175929A,0.0
CN105175929B,0.0
CN105254983A,0.0
CN105254987A,0.0
CN105254988A,0.0
CN105440422A,0.0
CN105542285A,0.0
CN106188740A,0.0
CN106220950A,0.0
CN106854315A,0.0
CN107459949A,0.0
CN107459949B,0.0
CN107955246A,0.0
CN108250470A,0.0
CN111320804A,0.0
CN112300428A,0.0
CN114507373A,0.0
CN114539661A,0.0
CN1294219C,0.0
CN1325551C,0.0
TWI343932B,0.0
US8202832B2,0.0
CN1390877A,0.0
CN100363310C,0.0
CN100363311C,0.0
CN100363460C,0.0
CN100436381C,0.0
CN100436382C,0.0
CN100494123C,0.0
CN100549100C,0.0
CN102001886A,0.0
CN102093129A,0.0
CN102093129B,0.0
CN102612955A,0.0
CN102612955B,0.0
CN105237190A,0.0
CN105237191A,0.0
CN105237196A,0.0
CN105237299A,0.0
CN105272694A,0.0
CN107266690A,0.0
CN107266690B,0.0
CN1603286A,0.0
CN1609075A,0.0
CN1609076A,0.0
CN1609077A,0.0
CN1654439A,0.0
CN1654445A,0.0
CN1444946A,0.0
CN100388970C,0.0
CN101773478A,0.0
CN101773478B,0.0
CN102302457A,0.0
CN102302457B,0.0
CN102423300A,0.0
CN102919226A,0.0
CN103548823A,0.0
CN103548823B,0.0
CN108684688A,0.0
CN109005748A,0.0
CN110381924A,0.0
CN112190567A,0.0
CN115644175A,0.0
CN115644175B,0.0
CN1943565A,0.0
CN1943565B,0.0
CN1973832A,0.0
CN1973832B,0.0
JP2019069906A,0.0
US11931461B2,0.0
CN1486606A,0.0
CN102027989A,0.0
CN102027989B,0.0
CN103053601A,0.0
CN103583549A,0.0
CN104042626A,0.0
CN104430308A,0.0
CN104430308B,0.0
CN104430396A,0.0
CN104430396B,0.0
CN110973152A,0.0
CN111616156A,0.0
CN113785837A,0.0
CN1491541A,0.0
CN100428886C,0.0
CN100521938C,0.0
CN101170902A,0.0
CN101170902B,0.0
CN101869115A,0.0
CN103340197A,0.0
CN103340197B,0.0
CN104039140A,0.0
CN107691434A,0.0
CN113040167A,0.0
CN114847282A,0.0
EP2747556A4,0.0
EP2747556B1,0.0
UA85790C2,0.0
US10206391B2,0.0
US10455830B2,0.0
US10966422B2,0.0
US11344028B2,0.0
US11503825B2,0.0
US11517013B2,0.0
US8974806B2,0.0
US8999358B2,0.0
US9392786B2,0.0
US9686979B2,0.0
US9961900B2,0.0
US9961901B2,0.0
WO2013041975A2,0.0
CN1491551A,0.0
CN113558008A,0.0
EP2079473B1,0.0
EP2388009A1,0.0
EP2388009B1,0.0
EP2854793B1,0.0
WO2013178749A1,0.0
CN1544110A,0.0
CN103299997A,0.0
CN103299997B,0.0
CN104147745A,0.0
CN104147745B,0.0
CN105994261A,0.0
CN109662093A,0.0
CN110915953A,0.0
CN111937898A,0.0
CN1687305A,0.0
CN102241175A,0.0
CN102241175B,0.0
CN103087393A,0.0
CN103087393B,0.0
CN103937493A,0.0
CN103937493B,0.0
CN105038773A,0.0
CN106279010A,0.0
CN106279010B,0.0
CN106279222A,0.0
CN106279222B,0.0
CN106279224A,0.0
CN106279224B,0.0
CN106279225A,0.0
CN106279225B,0.0
CN106947462A,0.0
CN109232930A,0.0
CN109232930B,0.0
CN112715230A,0.0
CN113480997A,0.0
CN114554844A,0.0
CN114554844B,0.0
US10550274B2,0.0
US9943081B2,0.0
WO2015046371A1,0.0
JP2004323501A,0.0
CN102202502A,0.0
CN102448291A,0.0
CN102448291B,0.0
JP2007136373A,0.0
JP2011524874A,0.0
JP2018521961A,0.0
JP5559777B2,0.0
JP7046606B2,0.0
KR101295914B1,0.0
WO2010115721A2,0.0
WO2015172938A1,0.0
KR1020140075427A,0.0
CN109068630A,0.0
CN110051603A,0.0
CN110051603B,0.0
KR101877020B1,0.0
KR1020210115606A,0.0
KR1020220106605A,0.0
KR102386076B1,0.0
KR102439956B1,0.0
KR102504851B1,0.0
WO2018088707A2,0.0
WO2018088707A3,0.0
US20030129239A1,0.0
CN105247728A,0.0
CN105247728B,0.0
DE102019122725A1,0.0
KR101559202B1,0.0
KR1020150011869A,0.0
US10357455B2,0.0
US10541801B2,0.0
US10940118B2,0.0
US11909686B2,0.0
US20050031693A1,0.0
US20050048127A1,0.0
US20050191359A1,8.46091023619563e-06
US20050226934A1,0.0
US20050227911A1,0.0
US20050233003A1,0.0
US20050249786A1,0.0
US20060228419A1,0.0
US20060260777A1,0.0
US20070207210A1,0.0
US20070281031A1,0.0
US20080008654A1,0.0
US20080026068A1,0.0
US20080039369A1,0.0
US20080063708A1,0.0
US20080248122A1,0.0
US20100047162A1,0.0
US20100047248A1,0.0
US20100047292A1,0.0
US20100047903A1,0.0
US20110021355A1,0.0
US20160166513A1,0.0
US7964574B2,0.0
US8309129B2,0.0
US8323615B2,0.0
US8323685B2,0.0
US8367427B2,0.0
US8389493B2,0.0
US8703204B2,0.0
US8728525B2,0.0
US8974827B2,0.0
US9023393B2,0.0
US9233078B2,0.0
US9486410B2,0.0
US9545384B2,0.0
US9724362B2,0.0
USRE47033E1,0.0
WO2005009375A2,0.0
WO2005009375A3,0.0
WO2005030257A3,0.0
WO2014194157A1,0.0
US20040091417A1,0.0
AP3633A,0.0
CN102985393A,0.0
CN102985393B,0.0
EP2911997B1,0.0
GB2472968A,0.0
GB2472968B,0.0
KR100835024B1,0.0
KR1020070073056A,0.0
US10085444B2,0.0
US10577259B2,0.0
US10899631B2,0.0
US20050019242A1,0.0
US20090111689A1,0.0
US20100021710A1,0.0
US20100044317A1,0.0
US20100180796A1,0.0
US20160289129A1,0.0
US20170118980A1,0.0
US8066874B2,0.0
US8221791B1,0.0
US8252087B2,0.0
US8349764B2,0.0
US8361185B2,0.0
US8475658B2,0.0
US8512417B2,0.0
US8557730B2,0.0
US8617284B2,0.0
US8696784B2,0.0
US8992960B2,0.0
US9215877B2,0.0
US9233863B2,0.0
US9491946B2,0.0
US9781936B2,0.0
US9919978B2,0.0
US9975787B2,0.0
WO2010006036A1,0.0
WO2011151724A2,0.0
WO2011151724A3,0.0
WO2011154843A2,0.0
WO2011154843A3,0.0
WO2014064205A1,0.0
US20050163714A1,0.0
CN101703490A,0.0
CN101703490B,0.0
CN103054738A,0.0
CN104870084A,0.0
CN104870084B,0.0
CN105188906A,0.0
CN105188906B,0.0
EP1984443B1,0.0
EP2082075B1,0.0
EP2673079B1,0.0
TWI605870B,0.0
US10111810B2,0.0
US10272607B2,0.0
US10285910B2,0.0
US10780059B2,0.0
US10821074B2,0.0
US10828263B2,0.0
US10888499B2,0.0
US10921326B2,0.0
US10940336B2,0.0
US10940626B2,0.0
US11077068B2,0.0
US11160771B2,0.0
US11191737B2,0.0
US11207805B2,0.0
US11273131B2,0.0
US11541105B2,0.0
US11986790B2,0.0
US12023309B2,0.0
US20040137039A1,0.0
US20070196299A1,0.0
US20090044582A1,0.0
US20100003499A1,0.0
US20100221309A1,0.0
US20110214466A1,0.0
US20150223502A1,0.0
US20150250827A1,0.0
US20150284665A1,0.0
US20190031981A1,0.0
US7931729B2,0.0
US8211201B2,0.0
US8234998B2,0.0
US8652378B1,0.0
US8663687B2,0.0
US8689726B2,0.0
US8765167B2,0.0
US8865144B2,0.0
US8900497B2,0.0
US8900498B2,0.0
US8906277B2,0.0
US9108340B2,0.0
US9321030B2,0.0
US9855221B2,0.0
US9931305B2,0.0
WO2007095324A1,0.0
WO2008030474A2,0.0
WO2008030474A3,0.0
WO2008095007A1,0.0
WO2011143424A1,0.0
WO2012107760A2,0.0
WO2018045365A1,0.0
AU2009240549B2,0.0
AU2013256064A1,0.0
AU2013256064B2,0.0
AU2014342097A1,0.0
AU2014342097B2,0.0
AU2018202074B2,0.0
AU2020201184B2,0.0
CN102046518A,0.0
CN105832702A,0.0
CN105832702B,0.0
CN110476964A,0.0
CN112121011A,0.0
CN113876600A,0.0
CN113876600B,0.0
CN117838672A,0.0
CN117838672B,0.0
EP2200588B1,0.0
EP2231189B1,0.0
EP2601935A1,0.0
EP2844227B1,0.0
EP3808339A1,0.0
FR2924024A1,0.0
JP2015515990A,0.0
JP2022009979A,0.0
JP6360040B2,0.0
JP7368661B2,0.0
TWI626059B,0.0
US10028949B2,0.0
US10160765B2,0.0
US10253036B2,0.0
US10285943B2,0.0
US10285991B2,0.0
US10336767B2,0.0
US10350556B2,0.0
US10392399B2,0.0
US10398703B2,0.0
US10548890B2,0.0
US10618906B2,0.0
US10626121B2,0.0
US10646436B2,0.0
US10646437B2,0.0
US10688041B2,0.0
US10688045B2,0.0
US10736854B2,0.0
US10758539B2,0.0
US10766907B2,0.0
US10857096B2,0.0
US10898869B2,0.0
US10945948B2,0.0
US10966987B2,0.0
US10975090B2,0.0
US10993908B2,0.0
US11021487B2,0.0
US11045466B2,0.0
US11104685B2,0.0
US11219596B2,0.0
US11219597B2,0.0
US11318088B2,0.0
US11369570B2,0.0
US11369611B2,0.0
US11642317B2,0.0
US11666515B2,0.0
US11713323B2,0.0
US11872318B2,0.0
US11878072B2,0.0
US12023388B2,0.0
US20080181957A1,0.0
US20080248077A1,0.0
US20080299210A1,0.0
US20090098200A1,0.0
US20090269250A1,0.0
US20100008982A1,0.0
US20100021985A1,0.0
US20110014281A1,0.0
US20110123607A1,0.0
US20110236472A1,0.0
US20120277249A1,0.0
US20140255502A1,0.0
US8187554B2,0.0
US8324274B2,0.0
US8367004B2,0.0
US8481565B2,0.0
US8507527B2,0.0
US8765173B2,0.0
US8999382B2,0.0
US9056057B2,0.0
US9079140B2,0.0
US9199209B2,0.0
US9254268B2,0.0
US9353122B2,0.0
US9353123B2,0.0
US9364433B2,0.0
US9393212B2,0.0
US9393213B2,0.0
US9532955B2,0.0
US9688688B2,0.0
US9724345B2,0.0
US9737491B2,0.0
US9763892B2,0.0
US9790232B2,0.0
US9827191B2,0.0
US9827248B2,0.0
US9833453B2,0.0
US9861634B2,0.0
US9877970B2,0.0
US9890173B2,0.0
US9895669B2,0.0
US9931600B2,0.0
US9993438B2,0.0
USRE49741E1,0.0
USRE49742E1,0.0
WO2008054508A2,0.0
WO2008054508A3,0.0
WO2009078754A1,0.0
WO2009078802A1,0.0
WO2009132171A1,0.0
WO2013166408A1,0.0
WO2013166436A1,0.0
US20060127435A1,0.0
CN103155915A,0.0
CN103155915B,0.0
CN103848949A,0.0
CN107984577A,0.0
CN107984577B,0.0
CN109321197A,0.0
CN111113598A,0.0
EP2083619B1,0.0
EP2442643A1,0.0
EP2442643A4,0.0
EP2443293A1,0.0
EP2443293A4,0.0
EP2443293B1,0.0
EP2731428A4,0.0
JP2014500567A,0.0
US10085454B2,0.0
US20080207794A1,0.0
US20080300339A1,0.0
US20100295219A1,0.0
US20110223428A1,0.0
US20110311901A1,0.0
US20150072027A1,0.0
US7939578B2,0.0
US8513322B2,0.0
US8597725B2,0.0
US8696975B2,0.0
US9931811B2,0.0
WO2008053115A2,0.0
WO2008053115A3,0.0
WO2017115275A1,0.0
WO2017116799A1,0.0
US20060251584A1,0.0
UA91892C2,0.0
US20070264350A1,0.0
US20070284769A1,0.0
US20080237376A1,0.0
US20110059183A1,0.0
US20220118090A1,0.0
US7597278B2,0.0
US7815426B2,0.0
US8399024B2,0.0
US9242298B2,0.0
WO2014003721A1,0.0
US20070196419A1,0.0
CN114984310A,0.0
CN114984310B,0.0
US10349993B2,0.0
US10357298B2,0.0
US10449065B2,0.0
US10842645B2,0.0
US11426291B2,0.0
US20090022811A1,0.0
US20110237552A1,0.0
US20180369445A1,0.0
US8475505B2,0.0
US8702767B2,0.0
US9265861B2,0.0
US9358056B2,0.0
US9402933B2,0.0
US9408699B2,0.0
US9561354B2,0.0
US9616205B2,0.0
US9681966B2,0.0
US9700431B2,0.0
US9707080B2,0.0
US9724203B2,0.0
US20080254104A1,0.0
CN104703614A,0.0
CN104822342A,0.0
CN104822414A,0.0
CN105050651A,0.0
CN108969797A,0.0
EP2498820B1,0.0
EP2603246A2,0.0
EP2603246A4,0.0
EP2603246B1,0.0
EP2970731B1,0.0
EP3551159A4,0.0
EP3599264A1,0.0
EP3599264B1,0.0
US10040971B2,0.0
US10179145B2,0.0
US10493094B2,0.0
US11274194B2,0.0
US11298517B2,0.0
US11787922B2,0.0
US20090062849A1,0.0
US20100310527A1,0.0
US20120058970A1,0.0
US20120095418A1,0.0
US20120252703A1,0.0
US20150361303A1,0.0
US8664199B2,0.0
US8668899B2,0.0
US8858883B2,0.0
US8932560B2,0.0
US9066885B2,0.0
US9616088B2,0.0
US9861590B2,0.0
WO2013090357A1,0.0
US20090075818A1,0.0
CN103055800A,0.0
CN111955349A,0.0
CN111955349B,0.0
CN112461810A,0.0
CN112640896A,0.0
CN112640896B,0.0
EP3568021A4,0.0
JP2022535659A,0.0
JP7373860B2,0.0
US11998009B2,0.0
US20210251230A1,0.0
WO2022064262A1,0.0
US20100139347A1,0.0
AU2016324503B2,0.0
CN103467643A,0.0
CN103467643B,0.0
CN103896691A,0.0
CN103897111A,0.0
CN103897112A,0.0
CN103897113A,0.0
CN103897114A,0.0
CN104446846A,0.0
CN105016874A,0.0
CN105016874B,0.0
CN105338803A,0.0
CN108290800A,0.0
CN109511496A,0.0
CN110746235A,0.0
CN111886956A,0.0
CN112513173A,0.0
CN115038680A,0.0
EP2966974A4,0.0
US10336659B2,0.0
US10508061B2,0.0
US11198654B2,0.0
US20100175444A1,0.0
US20120231171A1,0.0
US20140230503A1,0.0
US20170233303A1,0.0
US8016907B2,0.0
US8025709B2,0.0
US8940074B2,0.0
WO2014090801A1,0.0
WO2015145442A2,0.0
WO2015145442A3,0.0
WO2018005930A1,0.0
WO2020035758A1,0.0
WO2021162826A1,0.0
WO2021167577A1,0.0
US20100255110A1,0.0
US10137503B2,0.0
US10201571B2,0.0
US10610934B2,0.0
US10774429B2,0.0
US10953043B2,0.0
US11018376B2,0.0
US11142645B2,0.0
US11473202B2,0.0
US11646453B2,0.0
US9849512B2,0.0
US20100255447A1,0.0
CN101973712A,0.0
CN101973712B,0.0
CN102493167A,0.0
CN102493169A,0.0
CN102493170A,0.0
CN104519920A,0.0
CN104922736A,0.0
CN107105675A,0.0
CN107105675B,0.0
CN107754024A,0.0
CN107899076A,0.0
CN107899076B,0.0
CN108175527A,0.0
CN108175527B,0.0
CN110302418A,0.0
CN110302418B,0.0
CN111455324A,0.0
CN111455324B,0.0
CN113769167A,0.0
CN113769167B,0.0
CN114145291A,0.0
CN114466631A,0.0
DE102017121439A1,0.0
EP2999486A4,0.0
EP2999486B1,0.0
EP3003203B1,0.0
EP3212002A4,0.0
EP3849623A4,0.0
JP1994046609A,0.0
JP2015518387A,0.0
JP2019181111A,0.0
JP2022500146A,0.0
JP6293725B2,0.0
JP7434293B2,0.0
KR101328650B1,0.0
KR101367143B1,0.0
KR101393592B1,0.0
KR101575324B1,0.0
KR101611583B1,0.0
KR1020190128553A,0.0
KR102080448B1,0.0
KR102281356B1,0.0
US10136825B2,0.0
US10369251B2,0.0
US10420860B2,0.0
US10517995B2,0.0
US10543061B2,0.0
US10987059B2,0.0
US11026794B2,0.0
US11033750B1,0.0
US11149249B2,0.0
US11213609B2,0.0
US11285241B2,0.0
US11458004B2,0.0
US11786177B2,0.0
US20120244224A1,0.0
US20130266629A1,0.0
US20130320273A1,0.0
US20140081295A1,0.0
US20160089481A1,0.0
US20160120625A1,0.0
US20160199543A1,0.0
US20190167431A1,0.0
US20200232087A1,0.0
US20210322634A1,0.0
US20220338963A1,0.0
US8728464B2,0.0
US9074187B2,0.0
US9242087B2,0.0
WO2012075217A1,0.0
WO2014195027A2,0.0
WO2014195027A3,0.0
WO2015168411A1,0.0
WO2016112391A1,0.0
WO2018214808A1,0.0
WO2021091125A1,0.0
WO2021159051A1,0.0
WO2022027108A1,0.0
WO2024049713A1,0.0
US20110000411A1,0.0
CN103172429A,0.0
CN103172429B,0.0
CN105532119A,0.0
CN109704865A,0.0
CN110476535A,0.0
CN110476535B,0.0
CN110915371A,0.0
CN110915371B,0.0
EP4007483A4,0.0
RU2482659C2,0.0
US10117375B2,0.0
US10772254B2,0.0
US20160120186A1,0.0
US20190133027A1,0.0
US8209902B2,0.0
US9485985B2,0.0
WO2021026087A1,0.0
US20110270434A1,0.0
CN114010259A,0.0
CN116593356A,0.0
CN116593356B,0.0
EP3676595A4,0.0
JP2020531224A,0.0
JP7160921B2,0.0
US10722250B2,0.0
US10738394B2,0.0
US11204423B2,0.0
US11295870B2,0.0
US11433559B2,0.0
US12070281B2,0.0
US20140045179A1,0.0
US20170184497A1,0.0
US9878326B2,0.0
US9879310B2,0.0
WO2018222340A1,0.0
WO2019005293A1,0.0
WO2019038258A1,0.0
WO2023064474A1,0.0
US20130095141A1,0.0
CN105916598A,0.0
CN105916598B,0.0
EP3038602A4,0.0
JP7316045B2,0.0
US10159650B2,0.0
US10517310B2,0.0
US10537130B2,0.0
US10843997B2,0.0
US10959442B2,0.0
US11028030B2,0.0
US11160287B2,0.0
US11191731B2,0.0
US11319275B2,0.0
US11447646B2,0.0
US11472970B2,0.0
US11641865B2,0.0
US11723377B2,0.0
US11767278B2,0.0
US11812758B2,0.0
US11827591B2,0.0
US11918003B2,0.0
US20110280942A1,0.0
US20140162921A1,0.0
US20140356420A1,0.0
US20150202160A1,0.0
US20160024422A1,0.0
US20160281025A1,0.0
US20170035697A1,0.0
US20170215444A1,0.0
US20180368427A1,0.0
US20230123395A1,0.0
US9056049B2,0.0
US9181512B2,0.0
US9371501B2,0.0
US9492395B2,0.0
US9504654B2,0.0
US9789067B2,0.0
WO2015031663A1,0.0
US20130225412A1,0.0
CN107652285A,0.0
CN108435150A,0.0
CN108435150B,0.0
CN115571884A,0.0
US10052386B2,0.0
US10098894B2,0.0
US10172797B2,0.0
US10195153B2,0.0
US10206932B2,0.0
US10258630B2,0.0
US10286077B2,0.0
US10328087B2,0.0
US10398708B2,0.0
US10471072B2,0.0
US10471148B2,0.0
US10532059B2,0.0
US10537581B2,0.0
US10568891B2,0.0
US10639281B2,0.0
US10639375B2,0.0
US10668082B2,0.0
US10675288B2,0.0
US10792254B2,0.0
US10806697B2,0.0
US10806740B2,0.0
US10835487B2,0.0
US10888516B2,0.0
US10912783B2,0.0
US10959958B2,0.0
US11033626B2,0.0
US11065197B2,0.0
US11103513B2,0.0
US11103516B2,0.0
US11110099B2,0.0
US11116717B2,0.0
US11123283B2,0.0
US11166963B2,0.0
US11241445B2,0.0
US11246875B2,0.0
US11266661B2,0.0
US11304959B2,0.0
US11351182B2,0.0
US11497709B2,0.0
US11529360B2,0.0
US11622933B2,0.0
US11793819B2,0.0
US11865179B2,0.0
US8933059B2,0.0
US8987237B2,0.0
US8987238B2,0.0
US8993548B2,0.0
US8993549B2,0.0
US9006222B2,0.0
US9012434B2,0.0
US9114145B2,0.0
US9114146B2,0.0
US9180091B2,0.0
US9248136B2,0.0
US9289382B2,0.0
US9301920B2,0.0
US9492444B2,0.0
US9707184B2,0.0
US9931349B2,0.0
US20180243717A1,0.0
CN109939744A,0.0
CN109939744B,0.0
CN110882704A,0.0
CN112275325A,0.0
CN112275325B,0.0
CN112691622A,0.0
CN112691622B,0.0
CN117753320A,0.0
US11117124B2,0.0
US11135561B2,0.0
US11389769B2,0.0
US11458464B2,0.0
US11504705B2,0.0
US11752469B2,0.0
US20190203001A1,0.0
CN110746659A,0.0
CN111054096A,0.0
CN112772714A,0.0
CN112772714B,0.0
CN112961409A,0.0
CN114149581A,0.0
CN114149581B,0.0
CN114575195A,0.0
CN114575195B,0.0
FR3118627A1,0.0
US11084907B2,0.0
US20200016564A1,0.0
CN113248960A,0.0
CN113248960B,0.0
CN115449800A,0.0
US11636870B2,0.0
US11760169B2,0.0
US11760170B2,0.0
US11813926B2,0.0
US11828210B2,0.0
US11881093B2,0.0
US11932080B2,0.0
US12017506B2,0.0
WO2022159605A1,0.0
WO2022197270A1,0.0
US5384124A,0.0
CA2362815A1,0.0
CA2408848C,0.0
CA2414780A1,0.0
CA2463495C,0.0
CA2479735A1,0.0
CA2479735C,0.0
CA2500908A1,0.0
CA2523035C,0.0
CN100351239C,0.0
CN100413881C,0.0
CN101001859A,0.0
CN101282973A,0.0
CN101317848A,0.0
CN101528723A,0.0
CN101528723B,0.0
CN102088850A,0.0
CN102413808A,0.0
CN102413808B,0.0
CN102413815A,0.0
CN102413815B,0.0
CN102656166A,0.0
CN103813793A,0.0
CN103841971A,0.0
CN103842343A,0.0
CN103906744A,0.0
CN106536511A,0.0
CN106536511B,0.0
CN107148418A,0.0
CN111712228A,0.0
CN111712228B,0.0
CN1152886C,0.0
CN115427016A,0.0
CN1216869C,0.0
CN1229141C,0.0
CN1230167C,0.0
CN1372475A,0.0
CN1377365A,0.0
CN1411447A,0.0
CN1433308A,0.0
CN1433309A,0.0
CN1433427A,0.0
CN1444478A,0.0
CN1522139A,0.0
CN1557833A,0.0
CN1582154A,0.0
CN1638777A,0.0
CN1688552A,0.0
CN1697654A,0.0
CN1703402A,0.0
CN1723052A,0.0
CN1891209A,0.0
DE10008305A1,0.0
EP1289507B1,0.0
EP1443912B1,0.0
EP1539712B1,0.0
EP1565442B1,0.0
EP1585502B1,0.0
EP1585502B9,0.0
EP1718613B1,0.0
EP1736470A2,0.0
EP1753764B1,0.0
EP1878725A2,0.0
EP1878725B1,0.0
EP1891938A1,0.0
EP1905429A1,0.0
EP1980245A1,0.0
EP2081927B1,0.0
EP2201939A1,0.0
EP2424485B1,0.0
EP2424496B1,0.0
EP2581366A1,0.0
EP2740458A1,0.0
EP2740458B1,0.0
EP2748146B1,0.0
EP2751094B1,0.0
EP3160958B1,0.0
HK1050536A,0.0
HK1055297A,0.0
HK1055297A1,0.0
HK1055677A,0.0
HK1055677A1,0.0
HK1056844A,0.0
HK1057220A,0.0
HK1059561A,0.0
JP2012525175A,0.0
JP2012525177A,0.0
JP5620976B2,0.0
JP5620977B2,0.0
TWI343262B,0.0
US10398724B2,0.0
US10463673B2,0.0
US10471067B2,0.0
US10709713B2,0.0
US11564834B2,0.0
US20020012675A1,0.0
US20020035264A1,0.0
US20020131990A1,0.0
US20020142045A1,0.0
US20030031701A1,0.0
US20030134887A1,0.0
US20030137067A1,0.0
US20030153583A1,0.0
US20030183962A1,0.0
US20030185895A1,0.0
US20030185896A1,0.0
US20030203884A1,0.0
US20030215502A1,0.0
US20030220310A1,0.0
US20030233150A1,0.0
US20040013613A1,0.0
US20040037887A1,0.0
US20040057993A1,0.0
US20040091543A1,0.0
US20040092883A1,0.0
US20040096662A1,0.0
US20040101564A1,0.0
US20040101566A1,0.0
US20040102424A1,0.0
US20040105778A1,0.0
US20040115134A1,0.0
US20040137061A1,0.0
US20040156894A1,0.0
US20040156895A1,0.0
US20040229038A1,0.0
US20040235809A1,0.0
US20040258757A1,0.0
US20040265382A1,0.0
US20050019412A1,0.0
US20050095428A1,0.0
US20050123596A1,0.0
US20050129775A1,0.0
US20050196449A1,0.0
US20050238870A1,0.0
US20050244504A1,0.0
US20050261261A1,0.0
US20050263916A1,0.0
US20050267302A1,0.0
US20060009399A1,0.0
US20060058274A1,0.0
US20060116711A1,0.0
US20060154067A1,0.0
US20060199009A1,0.0
US20060199010A1,0.0
US20060199793A1,0.0
US20060210710A1,0.0
US20060217363A1,0.0
US20060247610A1,0.0
US20060287254A1,0.0
US20060292300A1,0.0
US20070004973A1,0.0
US20070059375A1,0.0
US20070083219A1,0.0
US20070083226A1,0.0
US20070141339A1,0.0
US20070141340A1,0.0
US20070142859A1,0.0
US20070142893A1,0.0
US20070155674A1,0.0
US20070155676A1,0.0
US20070160675A1,0.0
US20070299461A1,0.0
US20080031947A1,0.0
US20080031949A1,0.0
US20080041715A1,0.0
US20080050461A1,0.0
US20080058306A1,0.0
US20080107741A1,0.0
US20080145658A1,0.0
US20080152712A1,0.0
US20080172902A1,0.0
US20080174053A1,0.0
US20080200446A1,0.0
US20080213371A1,0.0
US20080226732A1,0.0
US20080234248A1,0.0
US20080254114A1,0.0
US20080279929A1,0.0
US20080279949A1,0.0
US20090047209A1,0.0
US20090074875A1,0.0
US20090107000A1,0.0
US20090130213A1,0.0
US20090143474A1,0.0
US20090149431A1,0.0
US20090155331A1,0.0
US20090238867A1,0.0
US20090297602A1,0.0
US20090297619A1,0.0
US20090311335A1,0.0
US20100003373A1,0.0
US20100178648A1,0.0
US20100209522A1,0.0
US20100218781A1,0.0
US20100244293A1,0.0
US20100255102A1,0.0
US20100297252A1,0.0
US20100322852A1,0.0
US20100329976A1,0.0
US20110033553A1,0.0
US20110064774A1,0.0
US20110165251A1,0.0
US20110195095A1,0.0
US20110213358A1,0.0
US5611973A,0.0
US5817343A,0.0
US5843347A,0.0
US5849761A,0.0
US5962477A,0.0
US5981719A,0.0
US5994372A,0.0
US6020004A,0.0
US6090925A,0.0
US6166039A,0.0
US6183781B1,0.0
US6190691B1,0.0
US6268053B1,0.0
US6316029B1,0.0
US6548478B2,0.0
US6573282B1,0.0
US6576650B1,0.0
US6579895B2,0.0
US6716829B2,0.0
US6872725B2,0.0
US6908626B2,0.0
US6960356B1,0.0
US7030106B2,0.0
US7053080B2,0.0
US7053134B2,0.0
US7071181B2,0.0
US7094369B2,0.0
US7131997B2,0.0
US7132415B2,0.0
US7153572B2,0.0
US7172769B2,0.0
US7192944B2,0.0
US7208486B2,0.0
US7235543B2,0.0
US7288319B2,0.0
US7311861B2,0.0
US7368562B2,0.0
US7368563B2,0.0
US7378518B2,0.0
US7417039B2,0.0
US7449236B2,0.0
US7459442B2,0.0
US7462366B2,0.0
US7476744B2,0.0
US7501179B2,0.0
US7507772B2,0.0
US7560449B2,0.0
US7588780B2,0.0
US7588825B2,0.0
US7611542B2,0.0
US7612058B2,0.0
US7666333B2,0.0
US7727555B2,0.0
US7732413B2,0.0
US7736671B2,0.0
US7741289B2,0.0
US7828996B1,0.0
US7842232B2,0.0
US7842377B2,0.0
US7858183B2,0.0
US7883490B2,0.0
US7943179B2,0.0
US7947368B2,0.0
US7951402B2,0.0
US7963287B2,0.0
US7964123B2,0.0
US7976823B2,0.0
US8007509B2,0.0
US8012454B2,0.0
US8101197B2,0.0
US8119163B2,0.0
US8152839B2,0.0
US8173176B2,0.0
US8216612B2,0.0
US8236352B2,0.0
US8273274B2,0.0
US8273324B2,0.0
US8293277B2,0.0
US8309136B2,0.0
US8323641B2,0.0
US8394400B2,0.0
US8414927B2,0.0
US8425550B2,0.0
US8430105B2,0.0
US8512727B2,0.0
US8586071B2,0.0
US8652464B2,0.0
US8769841B2,0.0
US9095516B2,0.0
US9119794B2,0.0
US9283035B2,0.0
US9345668B2,0.0
US9399012B2,0.0
US9463426B2,0.0
US9545376B2,0.0
US9610265B2,0.0
US9629944B2,0.0
US9662297B2,0.0
US9662301B2,0.0
US9814674B2,0.0
US9987238B2,0.0
WO1999038496A1,0.0
WO2002076429A1,0.0
WO2008013808A2,0.0
WO2008013808A3,0.0
WO2008013833A2,0.0
WO2008013833A3,0.0
WO2008039406A2,0.0
WO2008039406A3,0.0
WO2008127669A1,0.0
WO2010138661A1,0.0
WO2010148058A2,0.0
WO2010148058A3,0.0
WO2011017533A1,0.0
WO2011080342A1,0.0
WO2013016156A1,0.0
WO2013016174A1,0.0
WO2013030374A1,0.0
WO2014116770A1,0.0
WO2015198229A1,0.0
WO2016038519A1,0.0
WO2021209945A1,0.0
US6878693B2,0.0
US11198831B2,0.0
US20030170309A1,0.0
US20030224059A1,0.0
US20040198646A1,0.0
US20060141050A1,0.0
US20060141051A1,0.0
US20060141052A1,0.0
US20060222706A1,0.0
US20060222707A1,0.0
US20070015833A1,0.0
US20070015834A1,0.0
US20070148233A1,0.0
US20080231403A1,0.0
US20100062073A1,0.0
US20100080852A1,0.0
US20100089186A1,0.0
US20100119603A1,0.0
US20100119612A1,0.0
US20100129447A1,0.0
US20100215747A1,0.0
US20100297237A1,0.0
US20100310663A1,0.0
US20100323014A1,0.0
US8709387B2,0.0
US9107832B2,0.0
WO2006106520A2,0.0
WO2006106520A3,0.0
WO2006106521A2,0.0
WO2006106521A3,0.0
WO2006137716A1,0.0
US7081450B2,0.0
US20040156905A1,0.0
US20060045914A1,0.0
US20070015719A1,0.0
US20080050842A1,0.0
US20080081059A1,0.0
US20100112073A1,0.0
US20100239629A1,0.0
US20100260691A1,0.0
US8491933B2,0.0
US8747871B2,0.0
US9707185B2,0.0
WO2008137831A1,0.0
WO2021163024A1,0.0
WO2000059627A1,0.0
EP1204766A4,0.0
EP1908513A1,0.0
EP2167635A1,0.0
EP2167635A4,0.0
JP2005504987A,0.0
JP4551658B2,0.0
US20100292092A1,0.0
US6939515B2,0.0
US6977723B2,0.0
US7061605B2,0.0
US7134459B2,0.0
US7407810B2,0.0
US7549978B2,0.0
US7811827B2,0.0
US8158436B2,0.0
US8486705B2,0.0
WO2002014876A2,0.0
WO2002014876A3,0.0
WO2004110615A2,0.0
WO2004110615A3,0.0
WO2007136693A2,0.0
WO2007136693A3,0.0
WO2023131726A1,0.0
WO2003028700A2,0.0
AU2008303129B2,0.0
CN101040848B,0.0
US10548992B2,0.0
US10894095B2,0.0
WO2004043425A1,0.0
WO2005030257A2,2.4378893900902664e-06
WO2009040818A1,0.0
WO2009040818A9,0.0
CN104661647A,0.0
CN105309424A,0.0
CN105309424B,0.0
CN105900982A,0.0
CN105900982B,0.0
CN106255496A,0.0
CN106255496B,0.0
CN106999429A,0.0
CN106999429B,0.0
CN112641738A,0.0
EP2623100A4,0.0
EP2623100B1,0.0
EP3220894A4,0.0
EP3220894B1,0.0
EP3651743B1,0.0
JP2010505901A,0.0
US10624920B2,0.0
US12042519B2,0.0
US20110033525A1,0.0
US9427402B2,0.0
US9877983B2,0.0
WO2005065645A2,0.0
WO2005065645A3,0.0
WO2005072709A2,0.0
WO2005072709A3,0.0
WO2007147861A2,0.0
WO2007147861A3,0.0
WO2016081593A1,0.0
WO2019014576A1,0.0
WO2005063000A2,0.0
AU2014381769A1,0.0
AU2018271306B2,0.0
CN104013171A,0.0
EP3104682B1,0.0
JP2015198575A,0.0
US11166416B2,0.0
US11849687B2,0.0
US20230172129A1,0.0
US20230172130A1,0.0
US7866089B2,0.0
US9629314B2,0.0
WO2015117685A1,0.0
CN108072548A,0.0
WO2006014626A2,0.0
BE1022066B1,0.0
CN101878024A,0.0
CN101878024B,0.0
CN102378626A,0.0
CN102378626B,0.0
CN103079546A,0.0
CN103080313A,0.0
CN103561726A,0.0
CN103932972A,0.0
CN107920985A,0.0
CN107920985B,0.0
CN114728154A,0.0
CN116406285A,0.0
EP2222278B1,0.0
EP2818237A1,0.0
EP2818237B1,0.0
EP2841486A4,0.0
EP2841486B1,0.0
EP3778696A1,0.0
ES2358493A1,0.0
ES2358493B1,0.0
HK1183804A,0.0
HK1183900A,0.0
US10092617B2,0.0
US10098965B2,0.0
US10111964B2,0.0
US10117950B2,0.0
US10159747B2,0.0
US10285951B2,0.0
US10426753B2,0.0
US10485876B2,0.0
US11214672B2,0.0
US11246904B2,0.0
US11413253B2,0.0
US11484507B2,0.0
US11548861B2,0.0
US11980636B2,0.0
US20140135254A1,0.0
US20140193510A1,0.0
US20170087167A1,0.0
US8173167B2,0.0
US8383136B2,0.0
US8486924B2,0.0
US8529917B2,0.0
US8858965B2,0.0
US9107814B2,0.0
US9764954B2,0.0
US9775819B2,0.0
US9943490B2,0.0
US9956302B2,0.0
WO2009121997A2,0.0
WO2009121997A3,0.0
WO2010117668A1,0.0
WO2011119995A2,0.0
WO2012050899A1,0.0
WO2012068531A2,0.0
WO2015130835A1,0.0
WO2017106630A1,0.0
WO2019195350A1,0.0
WO2023250117A2,0.0
WO2007010584A2,0.0
CN102046215A,0.0
DE102008043736A1,0.0
EP2039254A1,0.0
EP2310318B1,0.0
EP2379045B1,0.0
ITMI2008002284A1,0.0
JP2010538641A,0.0
JP2011519594A,0.0
US20100297236A1,0.0
US8795732B2,0.0
US8921365B2,0.0
US9968710B2,0.0
WO2009035331A1,0.0
WO2009130607A2,0.0
WO2009130607A3,0.0
WO2010072347A1,0.0
WO2012028305A1,0.0
WO2007114649A1,0.0
CN102351140A,0.0
CN105247561A,0.0
CN105283899A,0.0
DE102008060645A1,0.0
US20120015467A1,0.0
US8058673B2,0.0
US8178787B2,0.0
US8245393B2,0.0
US8394657B2,0.0
US9596762B2,0.0
WO2007142316A1,0.0
JP2011231200A,0.0
JP2012532211A,0.0
JP2014149172A,0.0
JP2020196847A,0.0
JP5671836B2,0.0
JP6709734B2,0.0
JP7086894B2,0.0
JPWO2016068324A1,0.0
WO2009072657A1,0.0
WO2016068324A1,0.0
WO2008044963A2,0.0
AU2010297237A1,0.0
AU2010297237B2,0.0
CN102714080A,0.0
CN104858446A,0.0
CN105307608A,0.0
CN109797169A,0.0
GB2520960A,0.0
GB2520960B,0.0
JP2013505569A,0.0
JP6037831B2,0.0
TW201116285A,0.0
TWI504397B,0.0
US20110070620A1,0.0
US20110146308A1,0.0
US8632814B2,0.0
US8695353B2,0.0
US9962442B2,0.0
WO2008073851A2,0.0
WO2008073851A3,0.0
WO2011033084A1,0.0
WO2012078069A1,0.0
CN108040480A,0.0
CN108040480B,0.0
CN108956983A,0.0
CN108956983B,0.0
EP2906260B1,0.0
EP3277622B1,0.0
US10086095B2,0.0
US11020497B2,0.0
US11167047B2,0.0
US11253610B2,0.0
US11260121B2,0.0
US11390853B2,0.0
US11433123B2,0.0
US11590183B2,0.0
US11654117B2,0.0
US11672840B2,0.0
US11713444B2,0.0
US11730803B2,0.0
US11730833B2,0.0
US11738090B2,0.0
US11739301B2,0.0
US11883505B2,0.0
US11896676B2,0.0
US11998594B2,0.0
US20180119235A1,0.0
WO2014059021A1,0.0
WO2013132491A3,0.0
CN103966907A,0.0
CN103966907B,0.0
CN106132448A,0.0
CN107286362A,0.0
CN107286362B,0.0
CN107501618A,0.0
CN109852139A,0.0
CN111670215A,0.0
CN209258748U,0.0
DE202018103076U1,0.0
EP3802108B1,0.0
FR3025207A1,0.0
JP2021525662A,0.0
KR1020210018856A,0.0
US10442944B2,0.0
US11193034B2,0.0
US11753551B2,0.0
US20170003424A1,0.0
WO2015106277A1,0.0
WO2017002115A2,0.0
WO2017002115A3,0.0
WO2019135223A1,0.0
WO2019229759A1,0.0
WO2021234595A1,0.0
WO2014153210A1,0.0
AU2014259037A1,0.0
AU2014259037B2,0.0
CN104939269A,0.0
CN104939269B,0.0
CN109123257A,0.0
CN109415152A,0.0
CN109415152B,0.0
CN112471497A,0.0
CN113229362A,0.0
EP2988611A4,0.0
EP3481740B1,0.0
JP2019528219A,0.0
JP7159149B2,0.0
US10729804B2,0.0
US10973233B2,0.0
US11459159B2,0.0
US20200352106A1,0.0
WO2016128620A1,0.0
WO2018011666A1,0.0
WO2021186442A1,0.0
WO2014200007A1,0.0
JP2017014467A,0.0
JP2018025541A,0.0
JP2023516855A,0.0
JP6354905B2,0.0
JP6418088B2,0.0
JP6775591B2,0.0
JP7022520B2,0.0
JPWO2017017969A1,0.0
JPWO2018055681A1,0.0
US11224578B2,0.0
WO2015035475A1,0.0
AU2019300038B2,0.0
AU2019300038C1,0.0
DE102015108803A1,0.0
RU2688153C1,0.0
RU2726791C1,0.0
RU2726830C1,0.0
RU2729614C1,0.0
RU2729616C1,0.0
RU2732743C1,0.0
US11642371B2,0.0
US11813289B2,0.0
US20210145758A1,0.0
WO2016164987A1,0.0
AU2017216585B2,0.0
AU2018285951B2,0.0
CN109212202A,0.0
CN109330991A,0.0
CN111601771A,0.0
CN111757683A,0.0
EP3284483A1,0.0
EP3284483B1,0.0
EP3632849B1,0.0
EP3651789A4,0.0
EP3753435A4,0.0
EP4048289A4,0.0
JP7170633B2,0.0
JPWO2018221406A1,0.0
US10729783B2,0.0
US11020326B2,0.0
US11130679B2,0.0
US11959921B2,0.0
WO2018221406A1,0.0
WO2018227240A1,0.0
WO2019097226A1,0.0
WO2019173542A1,0.0
WO2020212526A1,0.0
WO2023002223A1,0.0
CN114342951A,0.0
CN114342951B,0.0
CN115812730A,0.0
CN115812730B,0.0
WO2024130461A1,0.0
WO2024131339A1,0.0
WO2024131347A3,0.0
WO2024131350A1,0.0
